device,lighting,patch,x,y,luminance_cd_m2,true_tone
apple,daylight,white,,,,on
windows,daylight,white,,,,na
apple,daylight,gray128,,,,on
windows,daylight,gray128,,,,na
apple,daylight,gray192,,,,on
windows,daylight,gray192,,,,na
apple,warm_lamp,white,,,,on
windows,warm_lamp,white,,,,na
apple,warm_lamp,gray128,,,,on
windows,warm_lamp,gray128,,,,na
apple,warm_lamp,gray192,,,,on
windows,warm_lamp,gray192,,,,na
apple,cool_lamp,white,,,,on
windows,cool_lamp,white,,,,na
apple,cool_lamp,gray128,,,,on
windows,cool_lamp,gray128,,,,na
apple,cool_lamp,gray192,,,,on
windows,cool_lamp,gray192,,,,na
